{
    "female speech": 0.0048219495141885865,
    "woman speaking": 0.0048219495141885865,
    "female singing": 0.0048219495141885865,
    "male speech": 0.0048219495141885865,
    "man speaking": 0.0048219495141885865,
    "playing bassoon": 0.0048219495141885865,
    "playing piano": 0.0048219495141885865,
    "playing harp": 0.0048219495141885865,
    "ambulance siren": 0.0048219495141885865,
    "race car": 0.0048219495141885865,
    "auto racing": 0.0048219495141885865,
    "male singing": 0.0048219495141885865,
    "playing bass guitar": 0.0048219495141885865,
    "playing violin": 0.0048219495141885865,
    "fiddle": 0.0048219495141885865,
    "tap dancing": 0.0048219495141885865,
    "orchestra": 0.0048219495141885865,
    "playing acoustic guitar": 0.0048219495141885865,
    "playing cello": 0.0048219495141885865,
    "people booing": 0.0048219495141885865,
    "playing electric guitar": 0.0048219495141885865,
    "toilet flushing": 0.0048219495141885865,
    "driving buses": 0.0048219495141885865,
    "motorboat": 0.0048219495141885865,
    "speedboat acceleration": 0.0048219495141885865,
    "playing didgeridoo": 0.0048219495141885865,
    "pigeon": 0.0048219495141885865,
    "dove cooing": 0.0048219495141885865,
    "vehicle horn": 0.0048219495141885865,
    "car horn": 0.0048219495141885865,
    "honking": 0.0048219495141885865,
    "playing banjo": 0.0048219495141885865,
    "people crowd": 0.0048219495141885865,
    "chicken crowing": 0.0048219495141885865,
    "rowboat": 0.0048219495141885865,
    "canoe": 0.0048219495141885865,
    "kayak rowing": 0.0048219495141885865,
    "driving motorcycle": 0.0048219495141885865,
    "child speech": 0.0048219495141885865,
    "kid speaking": 0.0048219495141885865,
    "playing flute": 0.0048219495141885865,
    "railroad car": 0.0048219495141885865,
    "train wagon": 0.0048219495141885865,
    "playing accordion": 0.0048219495141885865,
    "playing drum kit": 0.0048219495141885865,
    "playing trombone": 0.0048219495141885865,
    "playing saxophone": 0.0048219495141885865,
    "basketball bounce": 0.0048219495141885865,
    "playing cymbal": 0.0048219495141885865,
    "helicopter": 0.0048219495141885865,
    "playing marimba": 0.0048219495141885865,
    "xylophone": 0.0048219495141885865,
    "singing bowl": 0.0048219495141885865,
    "engine accelerating": 0.0048219495141885865,
    "revving": 0.0048219495141885865,
    "vroom": 0.0048219495141885865,
    "police car (siren)": 0.0048219495141885865,
    "fireworks banging": 0.0048219495141885865,
    "chainsawing trees": 0.0048219495141885865,
    "bird chirping": 0.0048219495141885865,
    "tweeting": 0.0048219495141885865,
    "playing table tennis": 0.0048171275646743976,
    "playing squash": 0.0048171275646743976,
    "playing clarinet": 0.0048171275646743976,
    "playing hammond organ": 0.0048171275646743976,
    "people burping": 0.0048171275646743976,
    "playing tabla": 0.0048123056151602095,
    "playing glockenspiel": 0.004802661716131832,
    "playing harpsichord": 0.004686934927791306,
    "frog croaking": 0.004667647129734552,
    "vacuum cleaner cleaning floors": 0.0046242495841068544,
    "playing theremin": 0.004614605685078477,
    "subway": 0.004580852038479157,
    "metro": 0.004580852038479157,
    "underground": 0.004580852038479157,
    "slot machine": 0.004580852038479157,
    "playing badminton": 0.004580852038479157,
    "beat boxing": 0.00457120813945078,
    "child singing": 0.004551920341394026,
    "crow cawing": 0.004547098391879837,
    "playing volleyball": 0.00453745449285146,
    "car engine knocking": 0.004532632543337271,
    "playing snare drum": 0.004518166694794706,
    "machine gun shooting": 0.004513344745280517,
    "ocean burbling": 0.004498878896737951,
    "skiing": 0.004484413048195386,
    "civil defense siren": 0.004479591098681197,
    "missile launch": 0.004455481351110254,
    "playing erhu": 0.004441015502567688,
    "tractor digging": 0.004436193553053499,
    "bowling impact": 0.004431371603539311,
    "rope skipping": 0.004421727704510933,
    "airplane flyby": 0.004407261855968368,
    "lions roaring": 0.004407261855968368,
    "scuba diving": 0.004402439906454179,
    "yodelling": 0.004392796007425802,
    "playing bagpipes": 0.004387974057911614,
    "police radio chatter": 0.004378330158883236,
    "fire truck siren": 0.004378330158883236,
    "pheasant crowing": 0.0042770692190852765,
    "arc welding": 0.0042626033705427105,
    "playing steel guitar": 0.004238493622971767,
    "slide guitar": 0.004238493622971767,
    "dog howling": 0.004238493622971767,
    "wind noise": 0.004204739976372447,
    "playing bongo": 0.00419509607734407,
    "skateboarding": 0.004166164380258939,
    "playing synthesizer": 0.004142054632687996,
    "electric shaver": 0.004137232683173807,
    "electric razor shaving": 0.004137232683173807,
    "playing ukulele": 0.004132410733659619,
    "skidding": 0.00412758878414543,
    "cap gun shooting": 0.004117944885117053,
    "people clapping": 0.004113122935602865,
    "playing cornet": 0.004064903440460978,
    "people sniggering": 0.004055259541432601,
    "playing vibraphone": 0.00402632784434747,
    "mynah bird singing": 0.004021505894833281,
    "people whistling": 0.004016683945319092,
    "horse clip-clop": 0.004011861995804904,
    "printer printing": 0.004007040046290715,
    "baby laughter": 0.004007040046290715,
    "playing french horn": 0.003929888854063698,
    "playing bass drum": 0.003920244955035321,
    "cat purring": 0.0039106010560069435,
    "playing sitar": 0.003905779106492755,
    "lathe spinning": 0.0039009571569785665,
    "lawn mowing": 0.003896135207464378,
    "lighting firecrackers": 0.0038768474094076234,
    "volcano explosion": 0.0038189840152373605,
    "playing electronic organ": 0.003804518166694795,
    "playing trumpet": 0.0037852303686380403,
    "dog growling": 0.003741832823010343,
    "playing harmonica": 0.003732188923981966,
    "playing mandolin": 0.003732188923981966,
    "people marching": 0.003698435277382646,
    "planing timber": 0.0036936133278684573,
    "playing tambourine": 0.003669503580297514,
    "playing double bass": 0.0036646816307833257,
    "church bell ringing": 0.00365021578224076,
    "gibbon howling": 0.0035827084890421197,
    "goose honking": 0.0035585987414711766,
    "tapping guitar": 0.003520023145357668,
    "sharpen knife": 0.0035007353473009138,
    "train horning": 0.0034766255997299707,
    "dog barking": 0.0034573378016732165,
    "singing choir": 0.0034332280541022734,
    "heart sounds": 0.003404296357017142,
    "heartbeat": 0.003404296357017142,
    "owl hooting": 0.003389830508474576,
    "people whispering": 0.003360898811389445,
    "woodpecker pecking tree": 0.0033512549123610675,
    "typing on typewriter": 0.0033512549123610675,
    "cattle mooing": 0.0033030354172191817,
    "people screaming": 0.0032837476191624275,
    "hail": 0.0032210622754779757,
    "canary calling": 0.003216240325963787,
    "people cheering": 0.0031535549822793354,
    "cricket chirping": 0.0031439110832509583,
    "stream burbling": 0.0030860476890806955,
    "people sneezing": 0.003076403790052318,
    "wood thrush calling": 0.0030426501434529982,
    "roller coaster running": 0.003028184294910432,
    "ice cream truck": 0.003018540395882055,
    "ice cream van": 0.003018540395882055,
    "people shuffling": 0.0030137184463678666,
    "baby crying": 0.002975142850254358,
    "mouse clicking": 0.0029413892036550377,
    "francolin calling": 0.0028979916580273405,
    "turkey gobbling": 0.0028738819104563973,
    "cattle": 0.0028642380114280203,
    "bovinae cowbell": 0.0028642380114280203,
    "rapping": 0.0028353063143428886,
    "dinosaurs bellowing": 0.002811196566771946,
    "playing timpani": 0.0027919087687151914,
    "dog bow-wow": 0.002787086819201003,
    "using sewing machines": 0.002777442920172626,
    "chicken clucking": 0.0027726209706584373,